{"params":{"0":{"filter_start":22,"filter_levels":6,"kernel_size":3,"kernel_initializer":"glorot_uniform","dropout_start":0.3526315789,"learning_rate":0.0085},"1":{"filter_start":16,"filter_levels":4,"kernel_size":4,"kernel_initializer":"glorot_uniform","dropout_start":0.2052631579,"learning_rate":0.008},"2":{"filter_start":6,"filter_levels":6,"kernel_size":3,"kernel_initializer":"he_normal","dropout_start":0.4368421053,"learning_rate":0.005},"3":{"filter_start":20,"filter_levels":6,"kernel_size":3,"kernel_initializer":"he_normal","dropout_start":0.4578947368,"learning_rate":0.0095},"4":{"filter_start":26,"filter_levels":6,"kernel_size":3,"kernel_initializer":"glorot_uniform","dropout_start":0.2894736842,"learning_rate":0.0075},"5":{"filter_start":10,"filter_levels":3,"kernel_size":2,"kernel_initializer":"glorot_uniform","dropout_start":0.1631578947,"learning_rate":0.005},"6":{"filter_start":12,"filter_levels":4,"kernel_size":3,"kernel_initializer":"glorot_uniform","dropout_start":0.3947368421,"learning_rate":0.0025},"7":{"filter_start":28,"filter_levels":5,"kernel_size":3,"kernel_initializer":"he_normal","dropout_start":0.1210526316,"learning_rate":0.0025},"8":{"filter_start":16,"filter_levels":4,"kernel_size":2,"kernel_initializer":"he_normal","dropout_start":0.2684210526,"learning_rate":0.007},"9":{"filter_start":26,"filter_levels":6,"kernel_size":3,"kernel_initializer":"he_normal","dropout_start":0.1210526316,"learning_rate":0.0005}},"train_loss":{"0":7.6756453514,"1":0.3315959573,"2":0.5513336658,"3":0.3446831405,"4":10.301530838,"5":0.2735705078,"6":0.3363101482,"7":0.2409583032,"8":0.2852071524,"9":0.6017199159},"train_acc":{"0":0.4985099733,"1":0.8802495599,"2":0.6632488966,"3":0.8897954822,"4":0.3244560957,"5":0.9007899761,"6":0.8461697102,"7":0.9097087383,"8":0.8908597827,"9":0.6716356874},"val_loss":{"0":7.6754245758,"1":0.3452997208,"2":0.5463774204,"3":0.3504298329,"4":9.9217472076,"5":0.2845264375,"6":0.3508684039,"7":0.2581500709,"8":0.3005201221,"9":0.5980960727},"val_acc":{"0":0.4986669123,"1":0.8755909204,"2":0.6736811996,"3":0.8841207027,"4":0.3493611813,"5":0.895113349,"6":0.8385102749,"7":0.9029662609,"8":0.883385241,"9":0.6830813885}}