{"params":{"0":{"filter_start":14,"filter_levels":6,"kernel_size":2,"kernel_initializer":"glorot_uniform","dropout_start":0.3526315789,"learning_rate":0.009},"1":{"filter_start":30,"filter_levels":6,"kernel_size":4,"kernel_initializer":"glorot_uniform","dropout_start":0.2684210526,"learning_rate":0.0085},"2":{"filter_start":12,"filter_levels":4,"kernel_size":3,"kernel_initializer":"he_normal","dropout_start":0.4368421053,"learning_rate":0.0095},"3":{"filter_start":14,"filter_levels":5,"kernel_size":4,"kernel_initializer":"glorot_uniform","dropout_start":0.2684210526,"learning_rate":0.001},"4":{"filter_start":30,"filter_levels":4,"kernel_size":3,"kernel_initializer":"he_normal","dropout_start":0.2263157895,"learning_rate":0.0035},"5":{"filter_start":20,"filter_levels":6,"kernel_size":3,"kernel_initializer":"glorot_uniform","dropout_start":0.2894736842,"learning_rate":0.0055},"6":{"filter_start":18,"filter_levels":6,"kernel_size":4,"kernel_initializer":"he_normal","dropout_start":0.1,"learning_rate":0.002},"7":{"filter_start":32,"filter_levels":3,"kernel_size":4,"kernel_initializer":"he_normal","dropout_start":0.3105263158,"learning_rate":0.0075},"8":{"filter_start":4,"filter_levels":5,"kernel_size":3,"kernel_initializer":"he_normal","dropout_start":0.1842105263,"learning_rate":0.006},"9":{"filter_start":24,"filter_levels":4,"kernel_size":3,"kernel_initializer":"glorot_uniform","dropout_start":0.3736842105,"learning_rate":0.006}},"train_loss":{"0":0.3664208651,"1":0.6301907897,"2":0.2907307744,"3":0.2503985167,"4":0.2611154914,"5":0.2961157262,"6":0.2656750977,"7":0.2800213695,"8":0.4794076681,"9":0.331605792},"train_acc":{"0":0.8277124166,"1":0.6755439639,"2":0.8928551674,"3":0.9052158594,"4":0.9058830142,"5":0.8909225464,"6":0.8991751075,"7":0.8948173523,"8":0.7933319211,"9":0.876745224},"val_loss":{"0":0.3726465702,"1":0.6486720443,"2":0.3040851951,"3":0.2694307268,"4":0.2764762342,"5":0.3075361252,"6":0.2789437175,"7":0.2959381044,"8":0.4987152219,"9":0.3439652622},"val_acc":{"0":0.8241189718,"1":0.6506388187,"2":0.8856500983,"3":0.8974886537,"4":0.898628056,"5":0.8853880167,"6":0.8919048309,"7":0.8890552521,"8":0.7917631269,"9":0.8706979156}}