{"params":{"0":{"filter_start":18,"filter_levels":4,"kernel_size":4,"kernel_initializer":"he_normal","dropout_start":0.4789473684,"learning_rate":0.002},"1":{"filter_start":12,"filter_levels":3,"kernel_size":4,"kernel_initializer":"glorot_uniform","dropout_start":0.2052631579,"learning_rate":0.0005},"2":{"filter_start":24,"filter_levels":6,"kernel_size":2,"kernel_initializer":"he_normal","dropout_start":0.3315789474,"learning_rate":0.005},"3":{"filter_start":30,"filter_levels":5,"kernel_size":2,"kernel_initializer":"he_normal","dropout_start":0.1631578947,"learning_rate":0.004},"4":{"filter_start":20,"filter_levels":3,"kernel_size":3,"kernel_initializer":"he_normal","dropout_start":0.1421052632,"learning_rate":0.0015},"5":{"filter_start":24,"filter_levels":5,"kernel_size":4,"kernel_initializer":"glorot_uniform","dropout_start":0.3526315789,"learning_rate":0.0095},"6":{"filter_start":20,"filter_levels":6,"kernel_size":3,"kernel_initializer":"glorot_uniform","dropout_start":0.3947368421,"learning_rate":0.002},"7":{"filter_start":28,"filter_levels":5,"kernel_size":3,"kernel_initializer":"he_normal","dropout_start":0.1631578947,"learning_rate":0.004},"8":{"filter_start":18,"filter_levels":4,"kernel_size":2,"kernel_initializer":"he_normal","dropout_start":0.3736842105,"learning_rate":0.0015},"9":{"filter_start":18,"filter_levels":5,"kernel_size":4,"kernel_initializer":"glorot_uniform","dropout_start":0.3947368421,"learning_rate":0.006}},"train_loss":{"0":0.2717136741,"1":0.2864069343,"2":0.2891819775,"3":0.2760586441,"4":0.2758892775,"5":5.1092777252,"6":0.3117681742,"7":5.1092777252,"8":0.3498671055,"9":0.3412749767},"train_acc":{"0":0.894451201,"1":0.8906745315,"2":0.8919712901,"3":0.8946974874,"4":0.8945354819,"5":0.6687653065,"6":0.8758925796,"7":0.6687653065,"8":0.8657138944,"9":0.8692266345},"val_loss":{"0":0.2689337134,"1":0.2807377875,"2":0.2817086875,"3":0.2706783712,"4":0.2752367854,"5":5.0690364838,"6":0.3077121675,"7":5.0690364838,"8":0.3495116234,"9":0.3333728015},"val_acc":{"0":0.8962103128,"1":0.8941751122,"2":0.8959589005,"3":0.8991725445,"4":0.8968289495,"5":0.6713740826,"6":0.8788512349,"7":0.6713740826,"8":0.8659676313,"9":0.8733636737},"best_val_acc":{"0":0.8972898722,"1":0.8941751122,"2":0.8964801431,"3":0.8991725445,"4":0.9025471807,"5":0.6713740826,"6":0.8997465968,"7":0.6713740826,"8":0.8705067635,"9":0.8733636737},"best_epoch":{"0":16,"1":20,"2":19,"3":20,"4":17,"5":1,"6":17,"7":1,"8":18,"9":20}}