{"params":{"0":{"filter_start":26,"filter_levels":6,"kernel_size":4,"kernel_initializer":"glorot_uniform","dropout_start":0.4578947368,"learning_rate":0.0055},"1":{"filter_start":18,"filter_levels":4,"kernel_size":4,"kernel_initializer":"glorot_uniform","dropout_start":0.3947368421,"learning_rate":0.001},"2":{"filter_start":6,"filter_levels":5,"kernel_size":4,"kernel_initializer":"he_normal","dropout_start":0.2052631579,"learning_rate":0.004},"3":{"filter_start":22,"filter_levels":3,"kernel_size":2,"kernel_initializer":"he_normal","dropout_start":0.1,"learning_rate":0.003},"4":{"filter_start":30,"filter_levels":6,"kernel_size":4,"kernel_initializer":"he_normal","dropout_start":0.1631578947,"learning_rate":0.002},"5":{"filter_start":28,"filter_levels":5,"kernel_size":4,"kernel_initializer":"he_normal","dropout_start":0.3947368421,"learning_rate":0.002},"6":{"filter_start":20,"filter_levels":3,"kernel_size":4,"kernel_initializer":"glorot_uniform","dropout_start":0.4578947368,"learning_rate":0.001},"7":{"filter_start":12,"filter_levels":4,"kernel_size":4,"kernel_initializer":"glorot_uniform","dropout_start":0.1210526316,"learning_rate":0.006},"8":{"filter_start":8,"filter_levels":3,"kernel_size":4,"kernel_initializer":"he_normal","dropout_start":0.1210526316,"learning_rate":0.005},"9":{"filter_start":10,"filter_levels":6,"kernel_size":3,"kernel_initializer":"glorot_uniform","dropout_start":0.3736842105,"learning_rate":0.01}},"train_loss":{"0":5.1092777252,"1":0.2991565168,"2":0.2667835355,"3":0.2618730068,"4":0.2633469403,"5":0.2581980526,"6":0.2744406462,"7":0.6350513697,"8":0.2772444189,"9":0.3383539617},"train_acc":{"0":0.6687653065,"1":0.8938144445,"2":0.8960002661,"3":0.9014099836,"4":0.901897788,"5":0.9018695354,"6":0.8978585005,"7":0.6687653065,"8":0.8968891501,"9":0.865167141},"val_loss":{"0":5.0690364838,"1":0.2897798121,"2":0.2657013535,"3":0.2570967376,"4":0.257052213,"5":0.2524279058,"6":0.2674004138,"7":0.6332074404,"8":0.2689921558,"9":0.3316967189},"val_acc":{"0":0.6713740826,"1":0.8971771598,"2":0.897851944,"3":0.9052001834,"4":0.905215919,"5":0.9050682187,"6":0.9018372297,"7":0.6713740826,"8":0.9017781615,"9":0.8641715646},"best_val_acc":{"0":0.6713740826,"1":0.8971771598,"2":0.9039778709,"3":0.9052001834,"4":0.905215919,"5":0.9050682187,"6":0.9021093845,"7":0.6713740826,"8":0.9040057063,"9":0.8797438741},"best_epoch":{"0":1,"1":20,"2":15,"3":20,"4":20,"5":20,"6":19,"7":1,"8":19,"9":19}}