{"params":{"0":{"filter_start":32,"filter_levels":4,"kernel_size":4,"kernel_initializer":"glorot_uniform","dropout_start":0.4789473684,"learning_rate":0.0035},"1":{"filter_start":30,"filter_levels":5,"kernel_size":3,"kernel_initializer":"he_normal","dropout_start":0.5,"learning_rate":0.0055},"2":{"filter_start":26,"filter_levels":5,"kernel_size":2,"kernel_initializer":"he_normal","dropout_start":0.5,"learning_rate":0.002},"3":{"filter_start":14,"filter_levels":6,"kernel_size":2,"kernel_initializer":"he_normal","dropout_start":0.1631578947,"learning_rate":0.0075},"4":{"filter_start":12,"filter_levels":4,"kernel_size":4,"kernel_initializer":"he_normal","dropout_start":0.5,"learning_rate":0.007},"5":{"filter_start":4,"filter_levels":3,"kernel_size":2,"kernel_initializer":"glorot_uniform","dropout_start":0.3947368421,"learning_rate":0.005},"6":{"filter_start":24,"filter_levels":6,"kernel_size":2,"kernel_initializer":"he_normal","dropout_start":0.3315789474,"learning_rate":0.006},"7":{"filter_start":32,"filter_levels":5,"kernel_size":3,"kernel_initializer":"he_normal","dropout_start":0.1842105263,"learning_rate":0.0085},"8":{"filter_start":8,"filter_levels":5,"kernel_size":2,"kernel_initializer":"glorot_uniform","dropout_start":0.2473684211,"learning_rate":0.007},"9":{"filter_start":6,"filter_levels":6,"kernel_size":3,"kernel_initializer":"glorot_uniform","dropout_start":0.3736842105,"learning_rate":0.0065}},"train_loss":{"0":0.3072275817,"1":0.2807803452,"2":0.3015258908,"3":0.2881907523,"4":0.3239183426,"5":0.6350493431,"6":0.2919012308,"7":5.1092777252,"8":0.3172938526,"9":0.3760178089},"train_acc":{"0":0.8801726699,"1":0.8946383595,"2":0.8895270824,"3":0.8919423223,"4":0.8869430423,"5":0.6687653065,"6":0.8910159469,"7":0.6687653065,"8":0.8848862052,"9":0.8633346558},"val_loss":{"0":0.3050641119,"1":0.2759987116,"2":0.295963645,"3":0.280788511,"4":0.3214923441,"5":0.6332172155,"6":0.2862062156,"7":5.0690364838,"8":0.3079354763,"9":0.3732107282},"val_acc":{"0":0.8823104501,"1":0.8980804086,"2":0.8934925795,"3":0.8956730366,"4":0.8917251229,"5":0.6713740826,"6":0.8949666619,"7":0.6713740826,"8":0.8891917467,"9":0.8675624132},"best_val_acc":{"0":0.8881874084,"1":0.8980804086,"2":0.8934925795,"3":0.8956730366,"4":0.894508779,"5":0.6713740826,"6":0.8949666619,"7":0.6713740826,"8":0.8901725411,"9":0.8896092772},"best_epoch":{"0":19,"1":20,"2":20,"3":20,"4":18,"5":1,"6":20,"7":1,"8":18,"9":15}}