{"params":{"0":{"filter_start":25,"filter_levels":4,"kernel_size":4,"kernel_initializer":"he_normal","dropout_start":0.2263157895,"learning_rate":0.0035789474},"1":{"filter_start":29,"filter_levels":5,"kernel_size":3,"kernel_initializer":"he_normal","dropout_start":0.1315789474,"learning_rate":0.0011842105},"2":{"filter_start":23,"filter_levels":5,"kernel_size":2,"kernel_initializer":"he_normal","dropout_start":0.1078947368,"learning_rate":0.0005},"3":{"filter_start":19,"filter_levels":4,"kernel_size":4,"kernel_initializer":"he_normal","dropout_start":0.2421052632,"learning_rate":0.0025526316},"4":{"filter_start":27,"filter_levels":5,"kernel_size":4,"kernel_initializer":"he_normal","dropout_start":0.1,"learning_rate":0.0008421053},"5":{"filter_start":15,"filter_levels":5,"kernel_size":3,"kernel_initializer":"he_normal","dropout_start":0.1631578947,"learning_rate":0.007},"6":{"filter_start":19,"filter_levels":5,"kernel_size":2,"kernel_initializer":"he_normal","dropout_start":0.1315789474,"learning_rate":0.0066578947},"7":{"filter_start":31,"filter_levels":4,"kernel_size":3,"kernel_initializer":"he_normal","dropout_start":0.1631578947,"learning_rate":0.0056315789},"8":{"filter_start":25,"filter_levels":4,"kernel_size":4,"kernel_initializer":"he_normal","dropout_start":0.1078947368,"learning_rate":0.0008421053},"9":{"filter_start":25,"filter_levels":5,"kernel_size":2,"kernel_initializer":"he_normal","dropout_start":0.1473684211,"learning_rate":0.0008421053}},"train_loss":{"0":0.2876244783,"1":0.2995943427,"2":0.308354646,"3":0.2739617527,"4":0.2580565512,"5":0.302161485,"6":0.2703220546,"7":0.3083623946,"8":0.2581801116,"9":0.468541503},"train_acc":{"0":0.8918343782,"1":0.8825461268,"2":0.8781988025,"3":0.8944061399,"4":0.9001662731,"5":0.885653913,"6":0.8982133269,"7":0.8837854862,"8":0.901966691,"9":0.7808187008},"val_loss":{"0":0.28217417,"1":0.2955592573,"2":0.3110233545,"3":0.266977042,"4":0.2540445924,"5":0.2947893143,"6":0.2650095522,"7":0.2980473936,"8":0.255762279,"9":0.4765329063},"val_acc":{"0":0.8954691291,"1":0.8850294352,"2":0.8782606721,"3":0.8997086883,"4":0.904748559,"5":0.8892977834,"6":0.9019759297,"7":0.8880617619,"8":0.9050257206,"9":0.7761504054},"best_val_acc":{"0":0.8974354863,"1":0.9054844379,"2":0.8782606721,"3":0.9008471966,"4":0.904748559,"5":0.8908213973,"6":0.9019759297,"7":0.895612359,"8":0.9051575661,"9":0.8536421657},"best_epoch":{"0":18,"1":16,"2":20,"3":19,"4":20,"5":19,"6":20,"7":19,"8":18,"9":3}}