{"params":{"0":{"filter_start":20,"filter_levels":4,"kernel_size":3,"kernel_initializer":"he_normal","dropout_start":0.3315789474,"learning_rate":0.0065},"1":{"filter_start":30,"filter_levels":5,"kernel_size":2,"kernel_initializer":"glorot_uniform","dropout_start":0.4789473684,"learning_rate":0.0065},"2":{"filter_start":18,"filter_levels":3,"kernel_size":3,"kernel_initializer":"he_normal","dropout_start":0.2263157895,"learning_rate":0.0095},"3":{"filter_start":20,"filter_levels":5,"kernel_size":3,"kernel_initializer":"glorot_uniform","dropout_start":0.2894736842,"learning_rate":0.0075},"4":{"filter_start":20,"filter_levels":4,"kernel_size":3,"kernel_initializer":"he_normal","dropout_start":0.2263157895,"learning_rate":0.0065},"5":{"filter_start":14,"filter_levels":6,"kernel_size":4,"kernel_initializer":"he_normal","dropout_start":0.2473684211,"learning_rate":0.0045},"6":{"filter_start":22,"filter_levels":6,"kernel_size":2,"kernel_initializer":"he_normal","dropout_start":0.3315789474,"learning_rate":0.0075},"7":{"filter_start":4,"filter_levels":3,"kernel_size":4,"kernel_initializer":"he_normal","dropout_start":0.1631578947,"learning_rate":0.002},"8":{"filter_start":26,"filter_levels":6,"kernel_size":3,"kernel_initializer":"glorot_uniform","dropout_start":0.4368421053,"learning_rate":0.0085},"9":{"filter_start":14,"filter_levels":6,"kernel_size":4,"kernel_initializer":"he_normal","dropout_start":0.5,"learning_rate":0.003}},"train_loss":{"0":0.2644072175,"1":0.3173089623,"2":0.3316079974,"3":0.413849324,"4":0.2663185298,"5":0.3080117702,"6":0.3035623133,"7":0.3537153602,"8":0.2870974243,"9":0.4495433867},"train_acc":{"0":0.8978282213,"1":0.8794290423,"2":0.8745491505,"3":0.850477159,"4":0.9001915455,"5":0.8839461207,"6":0.8857109547,"7":0.8829648495,"8":0.8916376829,"9":0.7803148627},"val_loss":{"0":0.2591950595,"1":0.3080413043,"2":0.3261658251,"3":0.4109640419,"4":0.2597749531,"5":0.3002412915,"6":0.2990963459,"7":0.3488715887,"8":0.2813032866,"9":0.4578339756},"val_acc":{"0":0.9024932384,"1":0.8847985864,"2":0.8765595555,"3":0.8482615352,"4":0.9042826295,"5":0.8876933455,"6":0.8893556595,"7":0.8865561485,"8":0.895761013,"9":0.7763876319},"best_val_acc":{"0":0.9034892321,"1":0.8857789636,"2":0.891731441,"3":0.8482615352,"4":0.90509516,"5":0.8895442486,"6":0.8893556595,"7":0.8865561485,"8":0.895761013,"9":0.8877233863},"best_epoch":{"0":10,"1":18,"2":19,"3":20,"4":19,"5":16,"6":20,"7":20,"8":20,"9":7}}