{"params":{"0":{"filter_start":18,"filter_levels":5,"kernel_size":3,"kernel_initializer":"glorot_uniform","dropout_start":0.1631578947,"learning_rate":0.0045},"1":{"filter_start":12,"filter_levels":4,"kernel_size":2,"kernel_initializer":"he_normal","dropout_start":0.2894736842,"learning_rate":0.0035},"2":{"filter_start":8,"filter_levels":5,"kernel_size":3,"kernel_initializer":"he_normal","dropout_start":0.3947368421,"learning_rate":0.008},"3":{"filter_start":22,"filter_levels":4,"kernel_size":4,"kernel_initializer":"he_normal","dropout_start":0.2052631579,"learning_rate":0.002},"4":{"filter_start":18,"filter_levels":4,"kernel_size":2,"kernel_initializer":"he_normal","dropout_start":0.3526315789,"learning_rate":0.0075},"5":{"filter_start":26,"filter_levels":5,"kernel_size":2,"kernel_initializer":"glorot_uniform","dropout_start":0.1842105263,"learning_rate":0.0055},"6":{"filter_start":20,"filter_levels":4,"kernel_size":4,"kernel_initializer":"he_normal","dropout_start":0.1842105263,"learning_rate":0.01},"7":{"filter_start":16,"filter_levels":4,"kernel_size":2,"kernel_initializer":"glorot_uniform","dropout_start":0.3105263158,"learning_rate":0.005},"8":{"filter_start":14,"filter_levels":6,"kernel_size":2,"kernel_initializer":"he_normal","dropout_start":0.4368421053,"learning_rate":0.001},"9":{"filter_start":30,"filter_levels":6,"kernel_size":3,"kernel_initializer":"he_normal","dropout_start":0.2473684211,"learning_rate":0.0065}},"train_loss":{"0":0.3280592263,"1":0.3019083142,"2":0.3415215313,"3":0.2712129951,"4":0.3159573674,"5":0.2870873511,"6":0.3111552596,"7":0.3157151341,"8":0.3544956446,"9":0.2850083411},"train_acc":{"0":0.8739725947,"1":0.8827643394,"2":0.8783435822,"3":0.8976008296,"4":0.8699358702,"5":0.8921088576,"6":0.8814656734,"7":0.8829568028,"8":0.8611039519,"9":0.8951863647},"val_loss":{"0":0.3207359314,"1":0.2981698811,"2":0.3330019712,"3":0.2719152272,"4":0.3132871985,"5":0.2824656665,"6":0.3029212654,"7":0.3077503145,"8":0.3550933003,"9":0.2757945657},"val_acc":{"0":0.8779363632,"1":0.88542521,"2":0.8824218512,"3":0.9004343152,"4":0.8721177578,"5":0.8951596618,"6":0.8871791363,"7":0.8863603473,"8":0.8610149622,"9":0.8998816609},"best_val_acc":{"0":0.9005556107,"1":0.8871113062,"2":0.8844099045,"3":0.9054684043,"4":0.8914315701,"5":0.8956897855,"6":0.8871791363,"7":0.8863603473,"8":0.8626613021,"9":0.8998816609},"best_epoch":{"0":19,"1":16,"2":19,"3":19,"4":12,"5":19,"6":20,"7":20,"8":19,"9":20}}