{"params":{"0":{"filter_start":27,"filter_levels":4,"kernel_size":3,"kernel_initializer":"he_normal","dropout_start":0.0863157895,"learning_rate":0.0011263158},"1":{"filter_start":23,"filter_levels":4,"kernel_size":3,"kernel_initializer":"glorot_uniform","dropout_start":0.0557894737,"learning_rate":0.0031789474},"2":{"filter_start":30,"filter_levels":4,"kernel_size":3,"kernel_initializer":"glorot_uniform","dropout_start":0.1168421053,"learning_rate":0.0027684211},"3":{"filter_start":32,"filter_levels":4,"kernel_size":3,"kernel_initializer":"he_normal","dropout_start":0.0863157895,"learning_rate":0.0031789474},"4":{"filter_start":18,"filter_levels":4,"kernel_size":3,"kernel_initializer":"glorot_uniform","dropout_start":0.2847368421,"learning_rate":0.004},"5":{"filter_start":29,"filter_levels":4,"kernel_size":3,"kernel_initializer":"glorot_uniform","dropout_start":0.2084210526,"learning_rate":0.0037947368},"6":{"filter_start":22,"filter_levels":4,"kernel_size":3,"kernel_initializer":"he_normal","dropout_start":0.0252631579,"learning_rate":0.0033842105},"7":{"filter_start":23,"filter_levels":4,"kernel_size":3,"kernel_initializer":"he_normal","dropout_start":0.1931578947,"learning_rate":0.0031789474},"8":{"filter_start":18,"filter_levels":4,"kernel_size":3,"kernel_initializer":"he_normal","dropout_start":0.1778947368,"learning_rate":0.0037947368},"9":{"filter_start":26,"filter_levels":4,"kernel_size":3,"kernel_initializer":"glorot_uniform","dropout_start":0.2542105263,"learning_rate":0.0033842105}},"train_loss":{"0":0.2818934023,"1":0.2613215446,"2":0.2770837545,"3":0.2485035807,"4":0.2700599432,"5":0.303879261,"6":0.2542717159,"7":0.2497205436,"8":0.2429288179,"9":0.2633620203},"train_acc":{"0":0.8875623941,"1":0.901801765,"2":0.895862937,"3":0.9076584578,"4":0.8959475756,"5":0.8880454302,"6":0.9043318033,"7":0.9052545428,"8":0.9091273546,"9":0.9009438753},"val_loss":{"0":0.2812995911,"1":0.2535137534,"2":0.2683276534,"3":0.2444218993,"4":0.265119344,"5":0.2933285832,"6":0.2498375922,"7":0.2436340153,"8":0.2361168861,"9":0.2559966445},"val_acc":{"0":0.8898441792,"1":0.9061740041,"2":0.8996400833,"3":0.9108666182,"4":0.8991848826,"5":0.8928944468,"6":0.9079096913,"7":0.9089645147,"8":0.9133546352,"9":0.9057015777},"best_val_acc":{"0":0.8993923068,"1":0.9071624279,"2":0.9047165513,"3":0.9112877846,"4":0.8991848826,"5":0.8936505318,"6":0.9079096913,"7":0.9089645147,"8":0.9133546352,"9":0.9057015777},"best_epoch":{"0":17,"1":19,"2":19,"3":19,"4":20,"5":18,"6":20,"7":20,"8":20,"9":20}}