{"params":{"0":{"filter_start":24,"filter_levels":6,"kernel_size":3,"kernel_initializer":"glorot_uniform","dropout_start":0.4578947368,"learning_rate":0.0085},"1":{"filter_start":16,"filter_levels":4,"kernel_size":3,"kernel_initializer":"he_normal","dropout_start":0.2473684211,"learning_rate":0.003},"2":{"filter_start":26,"filter_levels":4,"kernel_size":4,"kernel_initializer":"he_normal","dropout_start":0.1210526316,"learning_rate":0.0025},"3":{"filter_start":20,"filter_levels":6,"kernel_size":2,"kernel_initializer":"glorot_uniform","dropout_start":0.1842105263,"learning_rate":0.0065},"4":{"filter_start":4,"filter_levels":3,"kernel_size":2,"kernel_initializer":"he_normal","dropout_start":0.2684210526,"learning_rate":0.001},"5":{"filter_start":28,"filter_levels":3,"kernel_size":3,"kernel_initializer":"he_normal","dropout_start":0.3315789474,"learning_rate":0.0095},"6":{"filter_start":6,"filter_levels":4,"kernel_size":2,"kernel_initializer":"he_normal","dropout_start":0.1631578947,"learning_rate":0.005},"7":{"filter_start":22,"filter_levels":6,"kernel_size":3,"kernel_initializer":"he_normal","dropout_start":0.1,"learning_rate":0.004},"8":{"filter_start":6,"filter_levels":5,"kernel_size":4,"kernel_initializer":"glorot_uniform","dropout_start":0.4789473684,"learning_rate":0.007},"9":{"filter_start":10,"filter_levels":4,"kernel_size":2,"kernel_initializer":"he_normal","dropout_start":0.2052631579,"learning_rate":0.0075}},"train_loss":{"0":5.1092777252,"1":0.2472925186,"2":0.2831572592,"3":0.3093692362,"4":0.553234756,"5":0.27176404,"6":0.305663377,"7":0.2539482117,"8":0.3472737372,"9":0.3220801353},"train_acc":{"0":0.6687653065,"1":0.9078409076,"2":0.8926346302,"3":0.8839303255,"4":0.730748713,"5":0.8978171349,"6":0.885643363,"7":0.903926909,"8":0.8660146594,"9":0.8807330728},"val_loss":{"0":5.0690364838,"1":0.2471219301,"2":0.2753848732,"3":0.3011329472,"4":0.5538776517,"5":0.2673406899,"6":0.3026160598,"7":0.2471760064,"8":0.3414278924,"9":0.3187102973},"val_acc":{"0":0.6713740826,"1":0.9088451266,"2":0.8969936371,"3":0.8885387182,"4":0.7284881473,"5":0.9023424387,"6":0.8895218372,"7":0.9082109332,"8":0.8712107539,"9":0.8827610016},"best_val_acc":{"0":0.6713740826,"1":0.9120374322,"2":0.8988416195,"3":0.8886378407,"4":0.8363385201,"5":0.9023424387,"6":0.8914848566,"7":0.9094500542,"8":0.8765624166,"9":0.8869593143},"best_epoch":{"0":1,"1":19,"2":19,"3":17,"4":11,"5":20,"6":12,"7":19,"8":19,"9":13}}