{"params":{"0":{"filter_start":31,"filter_levels":4,"kernel_size":3,"kernel_initializer":"he_normal","dropout_start":0.2105263158,"learning_rate":0.0005},"1":{"filter_start":19,"filter_levels":5,"kernel_size":4,"kernel_initializer":"he_normal","dropout_start":0.2263157895,"learning_rate":0.0042631579},"2":{"filter_start":15,"filter_levels":5,"kernel_size":2,"kernel_initializer":"he_normal","dropout_start":0.2342105263,"learning_rate":0.007},"3":{"filter_start":15,"filter_levels":5,"kernel_size":4,"kernel_initializer":"he_normal","dropout_start":0.1868421053,"learning_rate":0.0015263158},"4":{"filter_start":15,"filter_levels":4,"kernel_size":2,"kernel_initializer":"he_normal","dropout_start":0.1236842105,"learning_rate":0.0032368421},"5":{"filter_start":17,"filter_levels":5,"kernel_size":2,"kernel_initializer":"he_normal","dropout_start":0.2342105263,"learning_rate":0.0039210526},"6":{"filter_start":31,"filter_levels":5,"kernel_size":2,"kernel_initializer":"he_normal","dropout_start":0.1394736842,"learning_rate":0.0046052632},"7":{"filter_start":15,"filter_levels":5,"kernel_size":4,"kernel_initializer":"he_normal","dropout_start":0.1552631579,"learning_rate":0.0032368421},"8":{"filter_start":15,"filter_levels":5,"kernel_size":2,"kernel_initializer":"he_normal","dropout_start":0.1236842105,"learning_rate":0.0056315789},"9":{"filter_start":19,"filter_levels":5,"kernel_size":2,"kernel_initializer":"he_normal","dropout_start":0.1078947368,"learning_rate":0.0063157895}},"train_loss":{"0":0.7436082363,"1":0.299182713,"2":0.3086328208,"3":0.2532421649,"4":0.2621219754,"5":0.2985302806,"6":0.2758399248,"7":0.2961113751,"8":0.2898540497,"9":0.2804025114},"train_acc":{"0":0.6693720222,"1":0.8892049193,"2":0.8824794888,"3":0.9029905796,"4":0.9007396102,"5":0.8835288882,"6":0.8966821432,"7":0.8868940473,"8":0.8894845247,"9":0.8957325816},"val_loss":{"0":0.7629784942,"1":0.2896252573,"2":0.3029186428,"3":0.2493499815,"4":0.2601857781,"5":0.2961322665,"6":0.2704448998,"7":0.2889502645,"8":0.2844079733,"9":0.2732651234},"val_acc":{"0":0.6647741199,"1":0.8942433,"2":0.8872475624,"3":0.9079489112,"4":0.9039137363,"5":0.8858597279,"6":0.9004102945,"7":0.8917670846,"8":0.8938637972,"9":0.899602592},"best_val_acc":{"0":0.8655853868,"1":0.8951868415,"2":0.8872475624,"3":0.9079489112,"4":0.9039137363,"5":0.8869176507,"6":0.9004102945,"7":0.8917670846,"8":0.8938637972,"9":0.899602592},"best_epoch":{"0":2,"1":18,"2":20,"3":20,"4":20,"5":18,"6":20,"7":20,"8":20,"9":20}}